"ABRO","Моторные масла"
"Atas","Моторные масла"
"Doctor Wax","Моторные масла"
"Done Deal","Моторные масла"
"HG","Моторные масла"
"Kangaroo","Моторные масла"
"Liqi Moly","Моторные масла"
"MANNOL","Моторные масла"
"SMT 2","Моторные масла"
"WD-40","Моторные масла"
"Zollex","Моторные масла"
"АРОМАТИЗАТОРЫ","Моторные масла"
"Аксессуары","Моторные масла"
"Bilstein","Моторные масла"
"KAYABA","Моторные масла"
"Magneti Marelli","Моторные масла"
"Monroe","Моторные масла"
"амортизаторы + пружины","Моторные масла"
"FEBI","Моторные масла"
"GLISANTIN","Моторные масла"
"Sintec","Моторные масла"
"вода дисцилированная","Моторные масла"
"жидкости прочие","Моторные масла"
"охлаждающие жидкости","Моторные масла"
"стеклоомывающая зимняя","Моторные масла"
"стеклоомывающая летняя","Моторные масла"
"тормозная жидкость","Моторные масла"
"DAFmi (INTELLI)","Моторные масла"
"DOLZ","Моторные масла"
"ELRING","Моторные масла"
"FAG","Моторные масла"
"Febi Bilstein","Моторные масла"
"FERODO","Моторные масла"
"Finwhale","Моторные масла"
"HOLA","Моторные масла"
"INA","Моторные масла"
"JC","Моторные масла"
"L P R","Моторные масла"
"Lemfoerder","Моторные масла"
"Luk","Моторные масла"
"Met Gum","Моторные масла"
"MOOG","Моторные масла"
"Optimal","Моторные масла"
"RTS","Моторные масла"
"Ruville","Моторные масла"
"SACHS","Моторные масла"
"SASIC","Моторные масла"
"Sidem","Моторные масла"
"SIMER","Моторные масла"
"SPIDAN","Моторные масла"
"Starline","Моторные масла"
"SWAG","Моторные масла"
"TRW","Моторные масла"
"Victor Reinz","Моторные масла"
"Ween-Toyota","Моторные масла"
"БРТ","Моторные масла"
"Глушители","Моторные масла"
"диски тагографа","Моторные масла"
"Дорожная карта","Моторные масла"
"запчасти китай","Моторные масла"
"Запчасти прочие","Моторные масла"
"Кузов , Оптика","Моторные масла"
"Лампочки","Моторные масла"
"моторная группа","Моторные масла"
"Опоры + тяги","Моторные масла"
"ПЕКАР","Моторные масла"
"Подшипники + ролики","Моторные масла"
"предохранители","Моторные масла"
"Прочие","Моторные масла"
"Сальники","Моторные масла"
"Светодиоды","Моторные масла"
"Свечи","Моторные масла"
"Система охлаждения","Моторные масла"
"Топливная система","Моторные масла"
"Тормозная система","Моторные масла"
"Щетки стеклоочистителя","Моторные масла"
"Электрика  + датчики","Моторные масла"
"FORD","Моторные масла"
"Mercedes","Моторные масла"
"ВАЗ","Моторные масла"
"ГАЗ","Моторные масла"
"Инструмент","Моторные масла"
"AGIP","Моторные масла"
"BP","Моторные масла"
"CASTROL","Моторные масла"
"CASTROL Proff","Моторные масла"
"ELF","Моторные масла"
"ESSO","Моторные масла"
"FUCHS - TITAN","Моторные масла"
"GULF","Моторные масла"
"JAPAN OIL original","Моторные масла"
"LIQUI MOLI","Моторные масла"
"LOTOS","Моторные масла"
"LUXOIL","Моторные масла"
"MOBIL","Моторные масла"
"MOBIL USA","Моторные масла"
"MOL","Моторные масла"
"MOTUL","Моторные масла"
"NESTE","Моторные масла"
"OMV","Моторные масла"
"PENNASOL","Моторные масла"
"PETRO-CANADA","Моторные масла"
"Q 8","Моторные масла"
"RAVENOL","Моторные масла"
"Selenia URANIA","Моторные масла"
"SHELL","Моторные масла"
"Sintoil- ВолгаОйл","Моторные масла"
"TEXACO","Моторные масла"
"TOTAL","Моторные масла"
"VALVOLINE","Моторные масла"
"XCEL","Моторные масла"
"ZIC","Моторные масла"
"Агрінол","Моторные масла"
"АЗМОЛ","Моторные масла"
"Газпромнефть","Моторные масла"
"Лукойл","Моторные масла"
"МАСТ","Моторные масла"
"прочие масла","Моторные масла"
"ТНК","Моторные масла"
"ХАДО","Моторные масла"
"ЮКОЙЛ","Моторные масла"
"GROZ","Моторные масла"
"насосы прочие","Моторные масла"
"насосы- шприцы","Моторные масла"
"прочее","Моторные масла"
"BOSCH","Моторные масла"
"Contitech","Моторные масла"
"Gates","Моторные масла"
"ремни прочие","Моторные масла"
"инвентаризация","Моторные масла"
"МБП","Моторные масла"
"произв.-технич.назначения","Моторные масла"
"Служебные","Моторные масла"
"AMC фильтра (KAVO)","Моторные масла"
"BALDWIN","Моторные масла"
"BOSCH фильтра","Моторные масла"
"CHAMPION","Моторные масла"
"CORTECO","Моторные масла"
"DONALDSON","Моторные масла"
"FILTRON","Моторные масла"
"Fleetguard","Моторные масла"
"HENGST","Моторные масла"
"JOHN DEERE","Моторные масла"
"Knecht (Mahle)","Моторные масла"
"KS","Моторные масла"
"MANN","Моторные масла"
"NIPPARTS","Моторные масла"
"PARTS-MALL","Моторные масла"
"PUROLATOR","Моторные масла"
"SCT фильтра","Моторные масла"
"SF Filter","Моторные масла"
"UFI","Моторные масла"
"WIX","Моторные масла"
"Zollex фильтра","Моторные масла"
"Альфа","Моторные масла"
"Фильтры китай","Моторные масла"
"Фильтры прочие","Моторные масла"
"Фильтры россия","Моторные масла"
"Япония оригинал","Моторные масла"
"Хомуты","Моторные масла"
"Автек запчасти","Моторные масла"
"Аккумуляторы","Моторные масла"
"Запчасти Омега, автохим","Моторные масла"
"Масла и смазки","Моторные масла"
"Подшипник -Омега","Моторные масла"
"служебные","Моторные масла"
"Фильтры","Моторные масла"
"","Моторные масла"